R2,RMSE,MAE,MAPE,sMAPE
-18.524973645827327,161243.0785644852,159632.2758881963,48.500206049232524,64.09231464998487
