R2,RMSE,MAE,MAPE,sMAPE
-0.9723602718052136,2436.841925627758,2210.502065242049,24.865025848650617,28.821639702377787
