R2,RMSE,MAE,MAPE,sMAPE
-257.35446177805943,110343.84337125772,110281.15730917439,49.05267880257025,64.99739903331871
