R2,RMSE,MAE,MAPE,sMAPE
-14.478475897286046,5907.934441358218,5857.995109600769,49.971417811079945,66.71864392457702
