R2,RMSE,MAE,MAPE,sMAPE
-6.402317015806337,765.1230052985017,749.8233009641576,45.44526823381559,58.861153411614154
