R2,RMSE,MAE,MAPE
-1429.4089854962256,1502353.0807504533,1502188.1339656499,86.55904977296166
