R2,RMSE,MAE,MAPE,sMAPE
-7.697014016315092e+30,5046.511971191491,5046.510864154092,47.38996780010273,62.1059776684719
