R2,RMSE,MAE,MAPE
-565.717203767356,12199495.938421497,12197351.052157745,93.50463504309975
