R2,RMSE,MAE,MAPE
-99.26200842827778,23256.356430043128,23238.866039036922,89.84990104953452
